-- IronMON Historical Data Migration
-- Source: landale production database
-- Target: synthform games_ironmon_* tables

-- Disable triggers during import
SET session_replication_role = 'replica';

-- Challenges
INSERT INTO games_ironmon_challenge (id, name) VALUES
(1, 'Kaizo'),
(2, 'Super Kaizo');

-- Update sequence for challenges
SELECT setval('games_ironmon_challenge_id_seq', (SELECT MAX(id) FROM games_ironmon_challenge));

-- Checkpoints
INSERT INTO games_ironmon_checkpoint (id, name, trainer, "order", challenge_id) VALUES
(1, 'Rival 1', 'Rival', 1, 1),
(2, 'First Trainer', 'Trainer', 2, 1),
(3, 'Rival 2', 'Rival', 3, 1),
(4, 'Brock', 'Brock', 4, 1),
(5, 'Rival 3', 'Rival', 5, 1),
(6, 'Rival 4', 'Rival', 6, 1),
(7, 'Misty', 'Misty', 7, 1),
(8, 'Surge', 'Surge', 8, 1),
(9, 'Rival 5', 'Rival', 9, 1),
(10, 'Rocket Hideout', 'Giovanni', 10, 1),
(11, 'Erika', 'Erika', 11, 1),
(12, 'Koga', 'Koga', 12, 1),
(13, 'Rival 6', 'Rival', 13, 1),
(14, 'Silph Co.', 'Giovanni', 14, 1),
(15, 'Sabrina', 'Sabrina', 15, 1),
(16, 'Blaine', 'Blaine', 16, 1),
(17, 'Giovanni', 'Giovanni', 17, 1),
(18, 'Rival 7', 'Rival', 18, 1),
(19, 'Lorelai', 'Lorelai', 19, 1),
(20, 'Bruno', 'Bruno', 20, 1),
(21, 'Agatha', 'Agatha', 21, 1),
(22, 'Lance', 'Lance', 22, 1),
(23, 'Champion', 'Rival', 23, 1);

-- Update sequence for checkpoints
SELECT setval('games_ironmon_checkpoint_id_seq', (SELECT MAX(id) FROM games_ironmon_checkpoint));

-- Seeds (attempts)
-- Note: IDs are preserved from landale as they represent actual attempt numbers
INSERT INTO games_ironmon_seed (id, challenge_id) VALUES
(1, 1),
(2, 1),
(3, 1),
(4, 1),
(5, 1),
(6, 1),
(7, 1),
(8, 1),
(9, 1),
(10, 1),
(11, 1),
(12, 1),
(13, 1),
(14, 1),
(15, 1),
(16, 1),
(17, 1),
(18, 1),
(19, 1),
(20, 1),
(21, 1),
(22, 1),
(23, 1),
(24, 1),
(25, 1),
(26, 1),
(27, 1),
(28, 1),
(29, 1),
(30, 1),
(31, 1),
(32, 1),
(33, 1),
(34, 1),
(35, 1),
(36, 1),
(37, 1),
(38, 1),
(39, 1),
(40, 1),
(41, 1),
(42, 1),
(43, 1),
(44, 1),
(45, 1),
(46, 1),
(47, 1),
(48, 1),
(49, 1),
(50, 1),
(51, 1),
(52, 1),
(53, 1),
(54, 1),
(55, 1),
(56, 1),
(57, 1),
(58, 1),
(59, 1),
(60, 1),
(61, 1),
(62, 1),
(63, 1),
(64, 1),
(65, 1),
(66, 1),
(67, 1),
(68, 1),
(69, 1),
(70, 1),
(71, 1),
(72, 1),
(73, 1),
(74, 1),
(75, 1),
(76, 1),
(77, 1),
(78, 1),
(79, 1),
(80, 1),
(81, 1),
(82, 1),
(83, 1),
(84, 1),
(85, 1),
(86, 1),
(87, 1),
(88, 1),
(89, 1),
(90, 1),
(91, 1),
(92, 1),
(93, 1),
(94, 1),
(95, 1),
(96, 1),
(97, 1),
(98, 1),
(99, 1),
(100, 1),
(101, 1),
(102, 1),
(103, 1),
(104, 1),
(105, 1),
(106, 1),
(107, 1),
(108, 1),
(109, 1),
(110, 1),
(111, 1),
(112, 1),
(113, 1),
(114, 1),
(115, 1),
(116, 1),
(117, 1),
(118, 1),
(119, 1),
(120, 1),
(121, 1),
(122, 1),
(123, 1),
(124, 1),
(125, 1),
(126, 1),
(127, 1),
(128, 1),
(129, 1),
(130, 1),
(131, 1),
(132, 1),
(133, 1),
(134, 1),
(135, 1),
(136, 1),
(137, 1),
(138, 1),
(139, 1),
(140, 1),
(141, 1),
(142, 1),
(143, 1),
(144, 1),
(145, 1),
(146, 1),
(147, 1),
(148, 1),
(149, 1),
(150, 1),
(151, 1),
(152, 1),
(153, 1),
(154, 1),
(155, 1),
(156, 1),
(157, 1),
(158, 1),
(159, 1),
(160, 1),
(161, 1),
(162, 1),
(163, 1),
(164, 1),
(165, 1),
(166, 1),
(167, 1),
(168, 1),
(169, 1),
(170, 1),
(171, 1),
(172, 1),
(173, 1),
(174, 1),
(175, 1),
(176, 1),
(177, 1),
(178, 1),
(179, 1),
(180, 1),
(181, 1),
(182, 1),
(183, 1),
(184, 1),
(185, 1),
(186, 1),
(187, 1),
(188, 1),
(189, 1),
(190, 1),
(191, 1),
(192, 1),
(193, 1),
(194, 1),
(195, 1),
(196, 1),
(197, 1),
(198, 1),
(199, 1),
(200, 1),
(201, 1),
(202, 1),
(203, 1),
(204, 1),
(205, 1),
(206, 1),
(207, 1),
(208, 1),
(209, 1),
(210, 1),
(211, 1),
(212, 1),
(213, 1),
(214, 1),
(215, 1),
(216, 1),
(217, 1),
(218, 1),
(219, 1),
(220, 1),
(221, 1),
(222, 1),
(223, 1),
(224, 1),
(225, 1),
(226, 1),
(227, 1),
(228, 1),
(229, 1),
(230, 1),
(231, 1),
(232, 1),
(233, 1),
(234, 1),
(235, 1),
(236, 1),
(237, 1),
(238, 1),
(239, 1),
(240, 1),
(241, 1),
(242, 1),
(243, 1),
(244, 1),
(245, 1),
(246, 1),
(247, 1),
(248, 1),
(249, 1),
(250, 1),
(251, 1),
(252, 1),
(253, 1),
(254, 1),
(255, 1),
(256, 1),
(257, 1),
(258, 1),
(259, 1),
(260, 1),
(261, 1),
(262, 1),
(263, 1),
(264, 1),
(265, 1),
(266, 1),
(267, 1),
(268, 1),
(269, 1),
(270, 1),
(271, 1),
(272, 1),
(273, 1),
(274, 1),
(275, 1),
(276, 1),
(277, 1),
(278, 1),
(279, 1),
(280, 1),
(281, 1),
(282, 1),
(283, 1),
(284, 1),
(285, 1),
(286, 1),
(287, 1),
(288, 1),
(289, 1),
(290, 1),
(291, 1),
(292, 1),
(293, 1),
(294, 1),
(295, 1),
(296, 1),
(297, 1),
(298, 1),
(299, 1),
(300, 1),
(301, 1),
(302, 1),
(303, 1),
(304, 1),
(305, 1),
(306, 1),
(307, 1),
(308, 1),
(309, 1),
(310, 1),
(311, 1),
(312, 1),
(313, 1),
(314, 1),
(315, 1),
(316, 1),
(317, 1),
(318, 1),
(319, 1),
(320, 1),
(321, 1),
(322, 1),
(323, 1),
(324, 1),
(325, 1),
(326, 1),
(327, 1),
(328, 1),
(329, 1),
(330, 1),
(331, 1),
(332, 1),
(333, 1),
(334, 1),
(335, 1),
(336, 1),
(337, 1),
(338, 1),
(339, 1),
(340, 1),
(341, 1),
(342, 1),
(343, 1),
(344, 1),
(345, 1),
(346, 1),
(347, 1),
(348, 1),
(349, 1),
(350, 1),
(351, 1),
(352, 1),
(353, 1),
(354, 1),
(355, 1),
(356, 1),
(357, 1),
(358, 1),
(359, 1),
(360, 1),
(361, 1),
(362, 1),
(363, 1),
(364, 1),
(365, 1),
(366, 1),
(367, 1),
(368, 1),
(369, 1),
(370, 1),
(371, 1),
(372, 1),
(373, 1),
(374, 1),
(375, 1),
(376, 1),
(377, 1),
(378, 1),
(379, 1),
(380, 1),
(381, 1),
(382, 1),
(383, 1),
(384, 1),
(385, 1),
(386, 1),
(387, 1),
(388, 1),
(389, 1),
(390, 1),
(391, 1),
(392, 1),
(393, 1),
(394, 1),
(395, 1),
(396, 1),
(397, 1),
(398, 1),
(399, 1),
(400, 1),
(401, 1),
(402, 1),
(403, 1),
(404, 1),
(405, 1),
(406, 1),
(407, 1),
(408, 1),
(409, 1),
(410, 1),
(411, 1),
(412, 1),
(413, 1),
(414, 1),
(415, 1),
(416, 1),
(417, 1),
(418, 1),
(419, 1),
(420, 1),
(421, 1),
(422, 1),
(423, 1),
(424, 1),
(425, 1),
(426, 1),
(427, 1),
(428, 1),
(429, 1),
(430, 1),
(431, 1),
(432, 1),
(433, 1),
(434, 1),
(435, 1),
(436, 1),
(437, 1),
(438, 1),
(439, 1),
(440, 1),
(441, 1),
(442, 1),
(443, 1),
(444, 1),
(445, 1),
(446, 1),
(447, 1),
(448, 1),
(449, 1),
(450, 1),
(451, 1),
(452, 1),
(453, 1),
(454, 1),
(455, 1),
(456, 1),
(457, 1),
(458, 1),
(459, 1),
(460, 1),
(461, 1),
(462, 1),
(463, 1),
(464, 1),
(465, 1),
(466, 1),
(467, 1),
(468, 1),
(469, 1),
(470, 1),
(471, 1),
(472, 1),
(473, 1),
(474, 1),
(475, 1),
(476, 1),
(477, 1),
(478, 1),
(479, 1),
(480, 1),
(481, 1),
(482, 1),
(483, 1),
(484, 1),
(485, 1),
(486, 1),
(487, 1),
(488, 1),
(489, 1),
(490, 1),
(491, 1),
(492, 1),
(493, 1),
(494, 1),
(495, 1),
(496, 1),
(497, 1),
(498, 1),
(499, 1),
(500, 1),
(501, 1),
(502, 1),
(503, 1),
(504, 1),
(505, 1),
(506, 1),
(507, 1),
(508, 1),
(509, 1),
(510, 1),
(511, 1),
(512, 1),
(513, 1),
(514, 1),
(515, 1),
(516, 1),
(517, 1),
(518, 1),
(519, 1),
(520, 1),
(521, 1),
(522, 1),
(523, 1),
(524, 1),
(525, 1),
(526, 1),
(527, 1),
(528, 1),
(529, 1),
(530, 1),
(531, 1),
(532, 1),
(533, 1),
(534, 1),
(535, 1),
(536, 1),
(537, 1),
(538, 1),
(539, 1),
(540, 1),
(541, 1),
(542, 1),
(543, 1),
(544, 1),
(545, 1),
(546, 1),
(547, 1),
(548, 1),
(549, 1),
(550, 1),
(551, 1),
(552, 1),
(553, 1),
(554, 1),
(555, 1),
(556, 1),
(557, 1),
(558, 1),
(559, 1),
(560, 1),
(561, 1),
(562, 1),
(563, 1),
(564, 1),
(565, 1),
(566, 1),
(567, 1),
(568, 1),
(569, 1),
(570, 1),
(571, 1),
(572, 1),
(573, 1),
(574, 1),
(575, 1),
(576, 1),
(577, 1),
(578, 1),
(579, 1),
(580, 1),
(581, 1),
(582, 1),
(583, 1),
(584, 1),
(585, 1),
(586, 1),
(587, 1),
(588, 1),
(589, 1),
(590, 1),
(591, 1),
(592, 1),
(593, 1),
(594, 1),
(595, 1),
(596, 1),
(597, 1),
(598, 1),
(599, 1),
(600, 1),
(601, 1),
(602, 1),
(603, 1),
(604, 1),
(605, 1),
(606, 1),
(607, 1),
(608, 1),
(609, 1),
(610, 1),
(611, 1),
(612, 1),
(613, 1),
(614, 1),
(615, 1),
(616, 1),
(617, 1),
(618, 1),
(619, 1),
(620, 1),
(621, 1),
(622, 1),
(623, 1),
(624, 1),
(625, 1),
(626, 1),
(627, 1),
(628, 1),
(629, 1),
(630, 1),
(631, 1),
(632, 1),
(633, 1),
(634, 1),
(635, 1),
(636, 1),
(637, 1),
(638, 1),
(639, 1),
(640, 1),
(641, 1),
(642, 1),
(643, 1),
(644, 1),
(645, 1),
(646, 1),
(647, 1),
(648, 1),
(649, 1),
(650, 1),
(651, 1),
(652, 1),
(653, 1),
(654, 1),
(655, 1),
(656, 1),
(657, 1),
(658, 1),
(659, 1),
(660, 1),
(661, 1),
(662, 1),
(663, 1),
(664, 1),
(665, 1),
(666, 1),
(667, 1),
(668, 1),
(669, 1),
(670, 1),
(671, 1),
(672, 1),
(673, 1),
(674, 1),
(675, 1),
(676, 1),
(677, 1),
(678, 1),
(679, 1),
(680, 1),
(681, 1),
(682, 1),
(683, 1),
(684, 1),
(685, 1),
(686, 1),
(687, 1),
(688, 1),
(689, 1),
(690, 1),
(691, 1),
(692, 1),
(693, 1),
(694, 1),
(695, 1),
(696, 1),
(697, 1),
(698, 1),
(699, 1),
(700, 1),
(701, 1),
(702, 1),
(703, 1),
(704, 1),
(705, 1),
(706, 1),
(707, 1),
(708, 1),
(709, 1),
(710, 1),
(711, 1),
(712, 1),
(713, 1),
(714, 1),
(715, 1),
(716, 1),
(717, 1),
(718, 1),
(719, 1),
(720, 1),
(721, 1),
(722, 1),
(723, 1),
(724, 1),
(725, 1),
(726, 1),
(727, 1),
(728, 1),
(729, 1),
(730, 1),
(731, 1),
(732, 1),
(733, 1),
(734, 1),
(735, 1),
(736, 1),
(737, 1),
(738, 1),
(739, 1),
(740, 1),
(741, 1),
(742, 1),
(743, 1),
(744, 1),
(745, 1),
(746, 1),
(747, 1),
(748, 1),
(749, 1),
(750, 1),
(751, 1),
(752, 1),
(753, 1),
(754, 1),
(755, 1),
(756, 1),
(757, 1),
(758, 1),
(759, 1),
(760, 1),
(761, 1),
(762, 1),
(763, 1),
(764, 1),
(765, 1),
(766, 1),
(767, 1),
(768, 1),
(769, 1),
(770, 1),
(771, 1),
(772, 1),
(773, 1),
(774, 1),
(775, 1),
(776, 1),
(777, 1),
(778, 1),
(779, 1),
(780, 1),
(781, 1),
(782, 1),
(783, 1),
(784, 1),
(785, 1),
(786, 1),
(787, 1),
(788, 1),
(789, 1),
(790, 1),
(791, 1),
(792, 1),
(793, 1),
(794, 1),
(795, 1),
(796, 1),
(797, 1),
(798, 1),
(799, 1),
(800, 1),
(801, 1),
(802, 1),
(803, 1),
(804, 1),
(805, 1),
(806, 1),
(807, 1),
(808, 1),
(809, 1),
(810, 1),
(811, 1),
(812, 1),
(813, 1),
(814, 1),
(815, 1),
(816, 1),
(817, 1),
(818, 1),
(819, 1),
(820, 1),
(821, 1),
(822, 1),
(823, 1),
(824, 1),
(825, 1),
(826, 1),
(827, 1),
(828, 1),
(829, 1),
(830, 1),
(831, 1),
(832, 1),
(833, 1),
(834, 1),
(835, 1),
(836, 1),
(837, 1),
(838, 1),
(839, 1),
(840, 1),
(841, 1),
(842, 1),
(843, 1),
(844, 1),
(845, 1),
(846, 1),
(847, 1),
(848, 1),
(849, 1),
(850, 1),
(851, 1),
(852, 1),
(853, 1),
(854, 1),
(855, 1),
(856, 1),
(857, 1),
(858, 1),
(859, 1),
(860, 1),
(861, 1),
(862, 1),
(863, 1),
(864, 1),
(865, 1),
(866, 1),
(867, 1),
(868, 1),
(869, 1),
(870, 1),
(871, 1),
(872, 1),
(873, 1),
(874, 1),
(875, 1),
(876, 1),
(877, 1),
(878, 1),
(879, 1),
(880, 1),
(881, 1),
(882, 1),
(883, 1),
(884, 1),
(885, 1),
(886, 1),
(887, 1),
(888, 1),
(889, 1),
(890, 1),
(891, 1),
(892, 1),
(893, 1),
(894, 1),
(895, 1),
(896, 1),
(897, 1),
(898, 1),
(899, 1),
(900, 1),
(901, 1),
(902, 1),
(903, 1),
(904, 1),
(905, 1),
(906, 1),
(907, 1),
(908, 1),
(909, 1),
(910, 1),
(911, 1),
(912, 1),
(913, 1),
(914, 1),
(915, 1),
(916, 1),
(917, 1),
(918, 1),
(919, 1),
(920, 1),
(921, 1),
(922, 1),
(923, 1),
(924, 1),
(925, 1),
(926, 1),
(927, 1),
(928, 1),
(929, 1),
(930, 1),
(931, 1),
(932, 1),
(933, 1),
(934, 1),
(935, 1),
(936, 1),
(937, 1),
(938, 1),
(939, 1),
(940, 1),
(941, 1),
(942, 1),
(943, 1),
(944, 1),
(945, 1),
(946, 1),
(947, 1),
(948, 1),
(949, 1),
(950, 1),
(951, 1),
(952, 1),
(953, 1),
(954, 1),
(955, 1),
(956, 1),
(957, 1),
(958, 1),
(959, 1),
(960, 1),
(961, 1),
(962, 1),
(963, 1),
(964, 1),
(965, 1),
(966, 1),
(967, 1),
(968, 1),
(969, 1),
(970, 1),
(971, 1),
(972, 1),
(973, 1),
(974, 1),
(975, 1),
(976, 1),
(977, 1),
(978, 1),
(979, 1),
(980, 1),
(981, 1),
(982, 1),
(983, 1),
(984, 1),
(985, 1),
(986, 1),
(987, 1),
(988, 1),
(989, 1),
(990, 1),
(991, 1),
(992, 1),
(993, 1),
(994, 1),
(995, 1),
(996, 1),
(997, 1),
(998, 1),
(999, 1),
(1000, 1),
(1001, 1),
(1002, 1),
(1003, 1),
(1004, 1),
(1005, 1),
(1006, 1),
(1007, 1),
(1008, 1),
(1009, 1),
(1010, 1),
(1011, 1),
(1012, 1),
(1013, 1),
(1014, 1),
(1015, 1),
(1016, 1),
(1017, 1),
(1018, 1),
(1019, 1),
(1020, 1),
(1021, 1),
(1022, 1),
(1023, 1),
(1024, 1),
(1025, 1),
(1026, 1),
(1027, 1),
(1028, 1),
(1029, 1),
(1030, 1),
(1031, 1),
(1032, 1),
(1033, 1),
(1034, 1),
(1035, 1),
(1036, 1),
(1037, 1),
(1038, 1),
(1039, 1),
(1040, 1),
(1041, 1),
(1042, 1),
(1043, 1),
(1044, 1),
(1045, 1),
(1046, 1),
(1047, 1),
(1048, 1),
(1049, 1),
(1050, 1),
(1051, 1),
(1052, 1),
(1053, 1),
(1054, 1),
(1055, 1),
(1056, 1),
(1057, 1),
(1058, 1),
(1059, 1),
(1060, 1),
(1061, 1),
(1062, 1),
(1063, 1),
(1064, 1),
(1065, 1),
(1066, 1),
(1067, 1),
(1068, 1),
(1069, 1),
(1070, 1),
(1071, 1),
(1072, 1),
(1073, 1),
(1074, 1),
(1075, 1),
(1076, 1),
(1077, 1),
(1078, 1),
(1079, 1),
(1080, 1),
(1081, 1),
(1082, 1),
(1083, 1),
(1084, 1),
(1085, 1),
(1086, 1),
(1087, 1),
(1088, 1),
(1089, 1),
(1090, 1),
(1091, 1),
(1092, 1),
(1093, 1),
(1094, 1),
(1095, 1),
(1096, 1),
(1097, 1),
(1098, 1),
(1099, 1),
(1100, 1),
(1101, 1),
(1102, 1),
(1103, 1),
(1104, 1),
(1105, 1),
(1106, 1),
(1107, 1),
(1108, 1),
(1109, 1),
(1110, 1),
(1111, 1),
(1112, 1),
(1113, 1),
(1114, 1),
(1115, 1),
(1116, 1),
(1117, 1),
(1118, 1),
(1119, 1),
(1120, 1),
(1121, 1),
(1122, 1),
(1123, 1),
(1124, 1),
(1125, 1),
(1126, 1),
(1127, 1),
(1128, 1),
(1129, 1),
(1130, 1),
(1131, 1),
(1132, 1),
(1133, 1),
(1134, 1),
(1135, 1),
(1136, 1),
(1137, 1),
(1138, 1),
(1139, 1),
(1140, 1),
(1141, 1),
(1142, 1),
(1143, 1),
(1144, 1),
(1145, 1),
(1146, 1),
(1147, 1),
(1148, 1),
(1149, 1),
(1150, 1),
(1151, 1),
(1152, 1),
(1153, 1),
(1154, 1),
(1155, 1),
(1156, 1),
(1157, 1),
(1158, 1),
(1159, 1),
(1160, 1),
(1161, 1),
(1162, 1),
(1163, 1),
(1164, 1),
(1165, 1),
(1166, 1),
(1167, 1),
(1168, 1),
(1169, 1),
(1170, 1),
(1171, 1),
(1172, 1),
(1173, 1),
(1174, 1),
(1175, 1),
(1176, 1),
(1177, 1),
(1178, 1),
(1179, 1),
(1180, 1),
(1181, 1),
(1182, 1),
(1183, 1),
(1184, 1),
(1185, 1),
(1186, 1),
(1187, 1),
(1188, 1),
(1189, 1),
(1190, 1),
(1191, 1),
(1192, 1),
(1193, 1),
(1194, 1),
(1195, 1),
(1196, 1),
(1197, 1),
(1198, 1),
(1199, 1),
(1200, 1),
(1201, 1),
(1202, 1),
(1203, 1),
(1204, 1),
(1205, 1),
(1206, 1),
(1207, 1),
(1208, 1),
(1209, 1),
(1210, 1),
(1211, 1),
(1212, 1),
(1213, 1),
(1214, 1),
(1215, 1),
(1216, 1),
(1217, 1),
(1218, 1),
(1219, 1),
(1220, 1),
(1221, 1),
(1222, 1),
(1223, 1),
(1224, 1),
(1225, 1),
(1226, 1),
(1227, 1),
(1228, 1),
(1229, 1),
(1230, 1),
(1231, 1),
(1232, 1),
(1233, 1),
(1234, 1),
(1235, 1),
(1236, 1),
(1237, 1),
(1238, 1),
(1239, 1),
(1240, 1),
(1241, 1),
(1242, 1),
(1243, 1),
(1244, 1),
(1245, 1),
(1246, 1),
(1247, 1),
(1248, 1),
(1249, 1),
(1250, 1),
(1251, 1),
(1252, 1),
(1253, 1),
(1254, 1),
(1255, 1),
(1256, 1),
(1257, 1),
(1258, 1),
(1259, 1),
(1260, 1),
(1261, 1),
(1262, 1),
(1263, 1),
(1264, 1),
(1265, 1),
(1266, 1),
(1267, 1),
(1268, 1),
(1269, 1),
(1270, 1),
(1271, 1),
(1272, 1),
(1273, 1),
(1274, 1),
(1275, 1),
(1276, 1),
(1277, 1),
(1278, 1),
(1279, 1),
(1280, 1),
(1281, 1),
(1282, 1),
(1283, 1),
(1284, 1),
(1285, 1),
(1286, 1),
(1287, 1),
(1288, 1),
(1289, 1),
(1290, 1),
(1291, 1),
(1292, 1),
(1293, 1),
(1294, 1),
(1295, 1),
(1296, 1),
(1297, 1),
(1298, 1),
(1299, 1),
(1300, 1),
(1301, 1),
(1302, 1),
(1303, 1),
(1304, 1),
(1305, 1),
(1306, 1),
(1307, 1),
(1308, 1),
(1309, 1),
(1310, 1),
(1311, 1),
(1312, 1),
(1313, 1),
(1314, 1),
(1315, 1),
(1316, 1),
(1317, 1),
(1318, 1),
(1319, 1),
(1320, 1),
(1321, 1),
(1322, 1),
(1323, 1),
(1324, 1),
(1325, 1),
(1326, 1),
(1327, 1),
(1328, 1),
(1329, 1),
(1330, 1),
(1331, 1),
(1332, 1),
(1333, 1),
(1334, 1),
(1335, 1),
(1336, 1),
(1337, 1),
(1338, 1),
(1339, 1),
(1340, 1),
(1341, 1),
(1342, 1),
(1343, 1),
(1344, 1),
(1345, 1),
(1346, 1),
(1347, 1),
(1348, 1),
(1349, 1),
(1350, 1),
(1351, 1),
(1352, 1),
(1353, 1),
(1354, 1),
(1355, 1),
(1356, 1),
(1357, 1),
(1358, 1),
(1359, 1),
(1360, 1),
(1361, 1),
(1362, 1),
(1363, 1),
(1364, 1),
(1365, 1),
(1366, 1),
(1367, 1),
(1368, 1),
(1369, 1),
(1370, 1),
(1371, 1),
(1372, 1),
(1373, 1),
(1374, 1),
(1375, 1),
(1376, 1),
(1377, 1),
(1378, 1),
(1379, 1),
(1380, 1),
(1381, 1),
(1382, 1),
(1383, 1),
(1384, 1),
(1385, 1),
(1386, 1),
(1387, 1),
(1388, 1),
(1389, 1),
(1390, 1),
(1391, 1),
(1392, 1),
(1393, 1),
(1394, 1),
(1395, 1),
(1396, 1),
(1397, 1),
(1398, 1),
(1399, 1),
(1400, 1),
(1401, 1),
(1402, 1),
(1403, 1),
(1404, 1),
(1405, 1),
(1406, 1),
(1407, 1),
(1408, 1),
(1409, 1),
(1410, 1),
(1411, 1),
(1412, 1),
(1413, 1),
(1414, 1),
(1415, 1),
(1416, 1),
(1417, 1),
(1418, 1),
(1419, 1),
(1420, 1),
(1421, 1),
(1422, 1),
(1423, 1),
(1424, 1),
(1425, 1),
(1426, 1),
(1427, 1),
(1428, 1),
(1429, 1),
(1430, 1),
(1431, 1),
(1432, 1),
(1433, 1),
(1434, 1),
(1435, 1),
(1436, 1),
(1437, 1),
(1438, 1),
(1439, 1),
(1440, 1),
(1441, 1),
(1442, 1),
(1443, 1),
(1444, 1),
(1445, 1),
(1446, 1),
(1447, 1),
(1448, 1),
(1449, 1),
(1450, 1),
(1451, 1),
(1452, 1),
(1453, 1),
(1454, 1),
(1455, 1),
(1456, 1),
(1457, 1),
(1458, 1),
(1459, 1),
(1460, 1),
(1461, 1),
(1462, 1),
(1463, 1),
(1464, 1),
(1465, 1),
(1466, 1),
(1467, 1),
(1468, 1),
(1469, 1),
(1470, 1),
(1471, 1),
(1472, 1),
(1473, 1),
(1474, 1),
(1475, 1),
(1476, 1),
(1477, 1),
(1478, 1),
(1479, 1),
(1480, 1),
(1481, 1),
(1482, 1),
(1483, 1),
(1484, 1),
(1485, 1),
(1486, 1),
(1487, 1),
(1488, 1),
(1489, 1),
(1490, 1),
(1491, 1),
(1492, 1),
(1493, 1),
(1494, 1),
(1495, 1),
(1496, 1),
(1497, 1),
(1498, 1),
(1499, 1),
(1500, 1),
(1501, 1),
(1502, 1),
(1503, 1),
(1504, 1),
(1505, 1),
(1506, 1),
(1507, 1),
(1508, 1),
(1509, 1),
(1510, 1),
(1511, 1),
(1512, 1),
(1513, 1),
(1514, 1),
(1515, 1),
(1516, 1),
(1517, 1),
(1518, 1),
(1519, 1),
(1520, 1),
(1521, 1),
(1522, 1),
(1523, 1),
(1524, 1),
(1525, 1),
(1526, 1),
(1527, 1),
(1528, 1),
(1529, 1),
(1530, 1),
(1531, 1),
(1532, 1),
(1533, 1),
(1534, 1),
(1535, 1),
(1536, 1),
(1537, 1),
(1538, 1),
(1539, 1),
(1540, 1),
(1541, 1),
(1542, 1),
(1543, 1),
(1544, 1),
(1545, 1),
(1546, 1),
(1547, 1),
(1548, 1),
(1549, 1),
(1550, 1),
(1551, 1),
(1552, 1),
(1553, 1),
(1554, 1),
(1555, 1),
(1556, 1),
(1557, 1),
(1558, 1),
(1559, 1),
(1560, 1),
(1561, 1),
(1562, 1),
(1563, 1),
(1564, 1),
(1565, 1),
(1566, 1),
(1567, 1),
(1568, 1),
(1569, 1),
(1570, 1),
(1571, 1),
(1572, 1),
(1573, 1),
(1574, 1),
(1575, 1),
(1576, 1),
(1577, 1),
(1578, 1),
(1579, 1),
(1580, 1),
(1581, 1),
(1582, 1),
(1583, 1),
(1584, 1),
(1585, 1),
(1586, 1),
(1587, 1),
(1588, 1),
(1589, 1),
(1590, 1),
(1591, 1),
(1592, 1),
(1593, 1),
(1594, 1),
(1595, 1),
(1596, 1),
(1597, 1),
(1598, 1),
(1599, 1),
(1600, 1),
(1601, 1),
(1602, 1),
(1603, 1),
(1604, 1),
(1605, 1),
(1606, 1),
(1607, 1),
(1608, 1),
(1609, 1),
(1610, 1),
(1611, 1),
(1612, 1),
(1613, 1),
(1614, 1),
(1615, 1),
(1616, 1),
(1617, 1),
(1618, 1),
(1619, 1),
(1620, 1),
(1621, 1),
(1622, 1),
(1623, 1),
(1624, 1),
(1625, 1),
(1626, 1),
(1627, 1),
(1628, 1),
(1629, 1),
(1630, 1),
(1631, 1),
(1632, 1),
(1633, 1),
(1634, 1),
(1635, 1),
(1636, 1),
(1637, 1),
(1638, 1),
(1639, 1),
(1640, 1),
(1641, 1),
(1642, 1),
(1643, 1),
(1644, 1),
(1645, 1),
(1646, 1),
(1647, 1),
(1648, 1),
(1649, 1),
(1650, 1),
(1651, 1),
(1652, 1),
(1653, 1),
(1654, 1),
(1655, 1),
(1656, 1),
(1657, 1),
(1658, 1),
(1659, 1),
(1660, 1),
(1661, 1),
(1662, 1),
(1663, 1),
(1664, 1),
(1665, 1),
(1666, 1),
(1667, 1),
(1668, 1),
(1669, 1),
(1670, 1),
(1671, 1),
(1672, 1),
(1673, 1),
(1674, 1),
(1675, 1),
(1676, 1),
(1677, 1),
(1678, 1),
(1679, 1),
(1680, 1),
(1681, 1),
(1682, 1),
(1683, 1),
(1684, 1),
(1685, 1),
(1686, 1),
(1687, 1),
(1688, 1),
(1689, 1),
(1690, 1),
(1691, 1),
(1692, 1),
(1693, 1),
(1694, 1),
(1695, 1),
(1696, 1),
(1697, 1),
(1698, 1),
(1699, 1),
(1700, 1),
(1701, 1),
(1702, 1),
(1703, 1),
(1704, 1),
(1705, 1),
(1706, 1),
(1707, 1),
(1708, 1),
(1709, 1),
(1710, 1),
(1711, 1),
(1712, 1),
(1713, 1),
(1714, 1),
(1715, 1),
(1716, 1),
(1718, 1),
(1719, 1),
(1720, 1),
(1721, 1),
(1723, 1),
(1724, 1),
(1725, 1),
(1726, 1),
(1727, 1),
(1728, 1),
(1729, 1),
(1730, 1),
(1731, 1),
(1732, 1),
(1733, 1),
(1734, 1),
(1735, 1),
(1736, 1),
(1737, 1),
(1738, 1),
(1739, 1),
(1740, 1),
(1741, 1),
(1742, 1),
(1743, 1),
(1744, 1),
(1745, 1),
(1746, 1),
(1747, 1),
(1748, 1),
(1749, 1),
(1750, 1),
(1751, 1),
(1752, 1),
(1753, 1),
(1754, 1),
(1755, 1),
(1756, 1),
(1757, 1),
(1758, 1),
(1759, 1),
(1760, 1),
(1761, 1),
(1762, 1),
(1763, 1),
(1764, 1),
(1765, 1),
(1766, 1),
(1767, 1),
(1768, 1),
(1769, 1),
(1770, 1),
(1771, 1),
(1772, 1),
(1773, 1),
(1774, 1),
(1775, 1),
(1776, 1),
(1777, 1),
(1778, 1),
(1779, 1),
(1780, 1),
(1781, 1),
(1782, 1),
(1783, 1),
(1784, 1),
(1785, 1),
(1786, 1),
(1787, 1),
(1788, 1),
(1789, 1),
(1790, 1),
(1791, 1),
(1792, 1),
(1793, 1),
(1794, 1),
(1795, 1),
(1796, 1),
(1797, 1),
(1798, 1),
(1799, 1),
(1800, 1),
(1801, 1),
(1802, 1),
(1803, 1),
(1804, 1),
(1805, 1),
(1806, 1),
(1807, 1),
(1808, 1),
(1809, 1),
(1810, 1),
(1811, 1),
(1812, 1),
(1813, 1),
(1814, 1),
(1815, 1),
(1816, 1),
(1817, 1),
(1818, 1),
(1819, 1),
(1820, 1),
(1821, 1),
(1822, 1),
(1823, 1),
(1824, 1),
(1825, 1),
(1826, 1),
(1827, 1),
(1828, 1),
(1829, 1),
(1830, 1),
(1831, 1),
(1832, 1),
(1833, 1),
(1834, 1),
(1835, 1),
(1836, 1),
(1837, 1),
(1838, 1),
(1839, 1),
(1840, 1),
(1841, 1),
(1842, 1),
(1843, 1),
(1844, 1),
(1845, 1),
(1846, 1),
(1847, 1),
(1848, 1),
(1849, 1),
(1850, 1),
(1851, 1),
(1852, 1),
(1853, 1),
(1854, 1),
(1855, 1),
(1856, 1),
(1857, 1),
(1858, 1),
(1859, 1),
(1860, 1),
(1861, 1),
(1862, 1),
(1863, 1),
(1864, 1),
(1865, 1),
(1866, 1),
(1867, 1),
(1868, 1),
(1869, 1),
(1870, 1),
(1871, 1),
(1872, 1),
(1873, 1),
(1874, 1),
(1875, 1),
(1876, 1),
(1877, 1),
(1878, 1),
(1879, 1),
(1880, 1),
(1881, 1),
(1882, 1),
(1883, 1),
(1884, 1),
(1885, 1),
(1886, 1),
(1887, 1),
(1888, 1),
(1889, 1),
(1890, 1),
(1891, 1),
(1892, 1),
(1893, 1),
(1894, 1),
(1895, 1),
(1896, 1),
(1897, 1),
(1898, 1),
(1899, 1),
(1900, 1),
(1901, 1),
(1902, 1),
(1903, 1),
(1904, 1),
(1905, 1),
(1906, 1),
(1907, 1),
(1908, 1),
(1909, 1),
(1910, 1),
(1911, 1),
(1912, 1),
(1913, 1),
(1914, 1),
(1915, 1),
(1916, 1),
(1917, 1),
(1919, 1),
(1920, 1),
(1921, 1),
(1922, 1),
(1923, 1),
(1924, 1),
(1925, 1),
(1926, 1),
(1927, 1),
(1928, 1),
(1929, 1),
(1930, 1),
(1931, 1),
(1932, 1),
(1933, 1),
(1934, 1),
(1935, 1),
(1936, 1),
(1937, 1),
(1938, 1),
(1939, 1),
(1940, 1),
(1941, 1),
(1942, 1),
(1943, 1),
(1944, 1),
(1945, 1),
(1946, 1),
(1947, 1),
(1948, 1),
(1949, 1),
(1950, 1),
(1951, 1),
(1952, 1),
(1953, 1),
(1954, 1),
(1955, 1),
(1956, 1),
(1957, 1),
(1958, 1),
(1959, 1),
(1960, 1),
(1961, 1),
(1962, 1),
(1964, 1),
(1965, 1),
(1966, 1),
(1967, 1),
(1968, 1),
(1969, 1),
(1970, 1),
(1971, 1),
(1972, 1),
(1973, 1),
(1974, 1),
(1975, 1),
(1976, 1),
(1977, 1),
(1978, 1),
(1979, 1),
(1980, 1),
(1981, 1),
(1982, 1),
(1983, 1),
(1984, 1),
(1985, 1),
(1986, 1),
(1987, 1),
(1988, 1),
(1989, 1),
(1990, 1),
(1991, 1),
(1992, 1),
(1993, 1),
(1994, 1),
(1995, 1),
(1996, 1),
(1997, 1),
(1998, 1),
(1999, 1),
(2000, 1),
(2001, 1),
(2002, 1),
(2003, 1),
(2004, 1),
(2005, 1),
(2006, 1),
(2007, 1),
(2008, 1),
(2009, 1),
(2010, 1),
(2011, 1),
(2012, 1),
(2013, 1),
(2014, 1),
(2015, 1),
(2016, 1),
(2017, 1),
(2018, 1),
(2019, 1),
(2020, 1),
(2021, 1),
(2022, 1),
(2023, 1),
(2024, 1),
(2025, 1),
(2026, 1),
(2027, 1),
(2028, 1),
(2029, 1),
(2030, 1),
(2031, 1),
(2033, 1),
(2034, 1),
(2035, 1),
(2036, 1),
(2037, 1),
(2038, 1),
(2039, 1),
(2040, 1),
(2041, 1),
(2042, 1),
(2043, 1),
(2044, 1),
(2045, 1),
(2046, 1),
(2047, 1),
(2048, 1),
(2049, 1),
(2051, 1),
(2052, 1),
(2053, 1),
(2054, 1),
(2055, 1),
(2056, 1),
(2057, 1),
(2058, 1),
(2059, 1),
(2060, 1),
(2061, 1),
(2062, 1),
(2063, 1),
(2064, 1),
(2065, 1),
(2066, 1),
(2067, 1),
(2068, 1),
(2069, 1),
(2070, 1),
(2071, 1),
(2072, 1),
(2073, 1),
(2074, 1),
(2075, 1),
(2076, 1),
(2077, 1),
(2078, 1),
(2079, 1),
(2080, 1),
(2081, 1),
(2082, 1),
(2083, 1),
(2084, 1),
(2085, 1),
(2086, 1),
(2087, 1),
(2088, 1),
(2089, 1),
(2090, 1),
(2091, 1),
(2092, 1),
(2093, 1),
(2094, 1),
(2095, 1),
(2096, 1),
(2097, 1),
(2098, 1),
(2099, 1),
(2100, 1),
(2101, 1),
(2102, 1),
(2103, 1),
(2104, 1),
(2105, 1),
(2106, 1),
(2107, 1),
(2108, 1),
(2109, 1),
(2110, 1),
(2111, 1),
(2112, 1),
(2113, 1),
(2114, 1),
(2115, 1),
(2116, 1),
(2117, 1),
(2118, 1),
(2119, 1),
(2120, 1),
(2121, 1),
(2122, 1),
(2123, 1),
(2124, 1),
(2125, 1),
(2126, 1),
(2127, 1),
(2128, 1),
(2129, 1),
(2130, 1),
(2131, 1),
(2132, 1),
(2133, 1),
(2134, 1),
(2135, 1),
(2136, 1),
(2137, 1),
(2138, 1),
(2139, 1),
(2141, 1),
(2142, 1),
(2143, 1),
(2144, 1),
(2145, 1),
(2146, 1),
(2147, 1),
(2148, 1),
(2149, 1),
(2150, 1),
(2151, 1),
(2152, 1),
(2153, 1),
(2154, 1),
(2155, 1),
(2156, 1),
(2157, 1),
(2158, 1),
(2159, 1),
(2160, 1),
(2161, 1),
(2162, 1),
(2163, 1),
(2164, 1),
(2165, 1),
(2166, 1),
(2167, 1),
(2168, 1),
(2169, 1),
(2170, 1),
(2171, 1),
(2172, 1),
(2173, 1),
(2174, 1),
(2175, 1),
(2176, 1),
(2177, 1),
(2178, 1),
(2179, 1),
(2180, 1),
(2181, 1),
(2182, 1),
(2183, 1),
(2184, 1),
(2185, 1),
(2186, 1),
(2187, 1),
(2188, 1),
(2189, 1),
(2190, 1),
(2191, 1),
(2192, 1),
(2193, 1),
(2194, 1),
(2195, 1),
(2196, 1),
(2197, 1),
(2198, 1),
(2199, 1),
(2200, 1),
(2201, 1),
(1717, 1),
(1722, 1),
(1918, 1),
(1963, 1),
(2032, 1),
(2050, 1),
(2140, 1),
(2202, 1),
(2203, 1),
(2204, 1),
(2205, 1),
(2206, 1),
(2207, 1),
(2208, 1),
(2209, 1),
(2210, 1),
(2211, 1),
(2212, 1),
(2213, 1),
(2214, 1),
(2215, 1),
(2216, 1),
(2217, 1),
(2218, 1),
(2219, 1),
(2220, 1),
(2221, 1),
(2222, 1),
(2223, 1),
(2224, 1),
(2225, 1),
(2226, 1),
(2227, 1),
(2228, 1),
(2229, 1),
(2230, 1),
(2231, 1),
(2232, 1),
(2233, 1),
(2234, 1),
(0, 1);

-- Results (checkpoint completions)
INSERT INTO games_ironmon_result (seed_id, checkpoint_id, result) VALUES
(3, 1, true),
(5, 1, true),
(9, 1, true),
(10, 1, true),
(11, 1, true),
(15, 1, true),
(15, 2, true),
(19, 1, true),
(19, 2, true),
(34, 1, true),
(36, 1, true),
(37, 1, true),
(37, 2, true),
(40, 1, true),
(40, 2, true),
(41, 1, true),
(45, 1, true),
(63, 1, true),
(64, 1, true),
(68, 1, true),
(71, 1, true),
(71, 2, true),
(71, 3, true),
(71, 4, true),
(76, 1, true),
(92, 1, true),
(95, 1, true),
(99, 1, true),
(99, 2, true),
(102, 1, true),
(102, 2, true),
(104, 1, true),
(105, 1, true),
(107, 1, true),
(108, 1, true),
(108, 2, true),
(114, 1, true),
(115, 1, true),
(115, 2, true),
(120, 1, true),
(125, 1, true),
(127, 1, true),
(130, 1, true),
(130, 2, true),
(133, 1, true),
(140, 1, true),
(147, 1, true),
(147, 2, true),
(156, 1, true),
(160, 1, true),
(165, 1, true),
(166, 1, true),
(174, 1, true),
(181, 1, true),
(182, 1, true),
(183, 1, true),
(184, 1, true),
(189, 1, true),
(190, 1, true),
(190, 2, true),
(193, 1, true),
(193, 2, true),
(194, 1, true),
(194, 2, true),
(195, 1, true),
(198, 1, true),
(198, 2, true),
(199, 1, true),
(201, 1, true),
(210, 1, true),
(210, 2, true),
(213, 1, true),
(218, 1, true),
(218, 2, true),
(219, 1, true),
(220, 1, true),
(225, 1, true),
(225, 2, true),
(225, 3, true),
(228, 1, true),
(230, 1, true),
(230, 2, true),
(230, 3, true),
(235, 1, true),
(238, 1, true),
(239, 1, true),
(242, 1, true),
(243, 1, true),
(247, 1, true),
(247, 2, true),
(253, 1, true),
(254, 1, true),
(254, 2, true),
(255, 1, true),
(255, 2, true),
(255, 3, true),
(256, 1, true),
(258, 1, true),
(258, 2, true),
(258, 3, true),
(262, 1, true),
(264, 1, true),
(272, 1, true),
(274, 1, true),
(274, 2, true),
(275, 1, true),
(275, 2, true),
(275, 3, true),
(279, 1, true),
(282, 1, true),
(284, 1, true),
(285, 1, true),
(285, 2, true),
(290, 1, true),
(290, 2, true),
(292, 1, true),
(292, 2, true),
(295, 1, true),
(300, 1, true),
(302, 1, true),
(306, 1, true),
(310, 1, true),
(313, 1, true),
(313, 2, true),
(320, 1, true),
(325, 1, true),
(326, 1, true),
(329, 1, true),
(336, 1, true),
(336, 2, true),
(338, 1, true),
(338, 2, true),
(341, 1, true),
(341, 2, true),
(349, 1, true),
(350, 1, true),
(361, 1, true),
(362, 1, true),
(365, 1, true),
(366, 1, true),
(368, 1, true),
(369, 1, true),
(369, 2, true),
(369, 3, true),
(369, 4, true),
(370, 1, true),
(371, 1, true),
(373, 1, true),
(373, 2, true),
(376, 1, true),
(376, 2, true),
(383, 1, true),
(387, 1, true),
(395, 1, true),
(397, 1, true),
(399, 1, true),
(407, 1, true),
(407, 2, true),
(409, 1, true),
(409, 2, true),
(411, 1, true),
(413, 1, true),
(413, 2, true),
(414, 1, true),
(414, 2, true),
(424, 1, true),
(428, 1, true),
(429, 1, true),
(430, 1, true),
(431, 1, true),
(431, 2, true),
(432, 1, true),
(437, 1, true),
(443, 1, true),
(444, 1, true),
(446, 1, true),
(446, 2, true),
(451, 1, true),
(451, 2, true),
(453, 1, true),
(454, 1, true),
(458, 1, true),
(464, 1, true),
(471, 1, true),
(471, 2, true),
(471, 3, true),
(471, 4, true),
(475, 1, true),
(476, 1, true),
(476, 2, true),
(476, 3, true),
(476, 4, true),
(477, 1, true),
(477, 2, true),
(477, 3, true),
(477, 4, true),
(477, 5, true),
(484, 1, true),
(489, 1, true),
(489, 2, true),
(490, 1, true),
(492, 1, true),
(496, 1, true),
(505, 1, true),
(507, 1, true),
(507, 2, true),
(516, 1, true),
(520, 1, true),
(520, 2, true),
(521, 1, true),
(521, 2, true),
(522, 1, true),
(522, 2, true),
(523, 1, true),
(523, 2, true),
(530, 1, true),
(532, 1, true),
(536, 1, true),
(540, 1, true),
(544, 1, true),
(547, 1, true),
(547, 2, true),
(550, 1, true),
(553, 1, true),
(554, 1, true),
(554, 2, true),
(555, 1, true),
(559, 1, true),
(560, 1, true),
(560, 2, true),
(564, 1, true),
(566, 1, true),
(566, 2, true),
(568, 1, true),
(568, 2, true),
(568, 3, true),
(568, 4, true),
(568, 5, true),
(569, 1, true),
(571, 1, true),
(572, 1, true),
(577, 1, true),
(577, 2, true),
(580, 1, true),
(580, 2, true),
(581, 1, true),
(581, 2, true),
(585, 1, true),
(592, 1, true),
(592, 2, true),
(592, 3, true),
(592, 4, true),
(592, 5, true),
(592, 6, true),
(592, 7, true),
(595, 1, true),
(595, 2, true),
(596, 1, true),
(596, 2, true),
(597, 1, true),
(597, 2, true),
(604, 1, true),
(606, 1, true),
(606, 2, true),
(612, 1, true),
(613, 1, true),
(613, 2, true),
(615, 1, true),
(615, 2, true),
(615, 3, true),
(615, 4, true),
(615, 5, true),
(615, 6, true),
(615, 7, true),
(615, 8, true),
(615, 9, true),
(615, 10, true),
(615, 11, true),
(615, 12, true),
(620, 1, true),
(625, 1, true),
(625, 2, true),
(634, 1, true),
(640, 1, true),
(641, 1, true),
(648, 1, true),
(653, 1, true),
(656, 1, true),
(656, 2, true),
(661, 1, true),
(661, 2, true),
(664, 1, true),
(667, 1, true),
(672, 1, true),
(679, 1, true),
(681, 1, true),
(683, 1, true),
(685, 1, true),
(685, 2, true),
(688, 1, true),
(688, 2, true),
(690, 1, true),
(690, 2, true),
(692, 1, true),
(692, 2, true),
(692, 3, true),
(693, 1, true),
(698, 1, true),
(698, 2, true),
(700, 1, true),
(700, 2, true),
(705, 1, true),
(705, 2, true),
(707, 1, true),
(710, 1, true),
(710, 2, true),
(713, 1, true),
(715, 1, true),
(715, 2, true),
(716, 1, true),
(719, 1, true),
(719, 2, true),
(720, 1, true),
(723, 1, true),
(723, 2, true),
(725, 1, true),
(725, 2, true),
(728, 1, true),
(730, 1, true),
(738, 1, true),
(738, 2, true),
(742, 1, true),
(746, 1, true),
(757, 1, true),
(758, 1, true),
(758, 2, true),
(759, 1, true),
(761, 1, true),
(761, 2, true),
(761, 3, true),
(770, 1, true),
(771, 1, true),
(771, 2, true),
(774, 1, true),
(774, 2, true),
(778, 1, true),
(778, 2, true),
(780, 1, true),
(780, 2, true),
(786, 1, true),
(789, 1, true),
(797, 1, true),
(798, 1, true),
(798, 2, true),
(798, 3, true),
(798, 4, true),
(798, 5, true),
(798, 6, true),
(798, 7, true),
(798, 8, true),
(798, 9, true),
(798, 10, true),
(799, 1, true),
(799, 2, true),
(801, 1, true),
(804, 1, true),
(806, 1, true),
(806, 2, true),
(809, 1, true),
(810, 1, true),
(811, 1, true),
(811, 2, true),
(811, 3, true),
(812, 1, true),
(813, 1, true),
(813, 2, true),
(822, 1, true),
(823, 1, true),
(823, 2, true),
(830, 1, true),
(830, 2, true),
(837, 1, true),
(843, 1, true),
(843, 2, true),
(849, 1, true),
(849, 2, true),
(849, 3, true),
(849, 4, true),
(849, 5, true),
(864, 1, true),
(867, 1, true),
(871, 1, true),
(876, 1, true),
(878, 1, true),
(878, 2, true),
(879, 1, true),
(883, 1, true),
(883, 2, true),
(883, 3, true),
(883, 4, true),
(892, 1, true),
(897, 1, true),
(897, 2, true),
(902, 1, true),
(902, 2, true),
(905, 1, true),
(908, 1, true),
(915, 1, true),
(918, 1, true),
(918, 2, true),
(918, 3, true),
(918, 4, true),
(930, 1, true),
(932, 1, true),
(933, 1, true),
(940, 1, true),
(940, 2, true),
(942, 1, true),
(942, 2, true),
(943, 1, true),
(943, 2, true),
(951, 1, true),
(954, 1, true),
(957, 1, true),
(963, 1, true),
(963, 2, true),
(965, 1, true),
(974, 1, true),
(976, 1, true),
(976, 2, true),
(979, 1, true),
(979, 2, true),
(984, 1, true),
(988, 1, true),
(994, 1, true),
(994, 2, true),
(994, 3, true),
(997, 1, true),
(997, 2, true),
(999, 1, true),
(1003, 1, true),
(1003, 2, true),
(1007, 1, true),
(1007, 2, true),
(1008, 1, true),
(1009, 1, true),
(1016, 1, true),
(1017, 1, true),
(1023, 1, true),
(1023, 2, true),
(1023, 3, true),
(1025, 1, true),
(1037, 1, true),
(1037, 2, true),
(1037, 3, true),
(1037, 4, true),
(1042, 1, true),
(1044, 1, true),
(1048, 1, true),
(1048, 2, true),
(1051, 1, true),
(1059, 1, true),
(1059, 2, true),
(1060, 1, true),
(1067, 1, true),
(1068, 1, true),
(1069, 1, true),
(1070, 1, true),
(1075, 1, true),
(1075, 2, true),
(1076, 1, true),
(1077, 1, true),
(1079, 1, true),
(1080, 1, true),
(1081, 1, true),
(1090, 1, true),
(1093, 1, true),
(1093, 2, true),
(1093, 3, true),
(1099, 1, true),
(1099, 2, true),
(1099, 3, true),
(1099, 4, true),
(1099, 5, true),
(1099, 6, true),
(1099, 7, true),
(1099, 8, true),
(1099, 9, true),
(1099, 10, true),
(1099, 11, true),
(1101, 1, true),
(1101, 2, true),
(1101, 3, true),
(1101, 4, true),
(1101, 5, true),
(1101, 6, true),
(1101, 7, true),
(1101, 8, true),
(1101, 9, true),
(1101, 10, true),
(1105, 1, true),
(1106, 1, true),
(1111, 1, true),
(1122, 1, true),
(1122, 2, true),
(1123, 1, true),
(1129, 1, true),
(1129, 2, true),
(1130, 1, true),
(1130, 2, true),
(1132, 1, true),
(1132, 2, true),
(1132, 3, true),
(1132, 4, true),
(1132, 5, true),
(1133, 1, true),
(1135, 1, true),
(1139, 1, true),
(1140, 1, true),
(1145, 1, true),
(1145, 2, true),
(1145, 3, true),
(1146, 1, true),
(1155, 1, true),
(1156, 1, true),
(1157, 1, true),
(1164, 1, true),
(1168, 1, true),
(1171, 1, true),
(1174, 1, true),
(1181, 1, true),
(1181, 2, true),
(1181, 3, true),
(1183, 1, true),
(1189, 1, true),
(1193, 1, true),
(1196, 1, true),
(1198, 1, true),
(1198, 2, true),
(1200, 1, true),
(1201, 1, true),
(1202, 1, true),
(1204, 1, true),
(1206, 1, true),
(1209, 1, true),
(1210, 1, true),
(1210, 2, true),
(1221, 1, true),
(1221, 2, true),
(1223, 1, true),
(1224, 1, true),
(1224, 2, true),
(1224, 3, true),
(1227, 1, true),
(1228, 1, true),
(1228, 2, true),
(1228, 3, true),
(1232, 1, true),
(1233, 1, true),
(1233, 2, true),
(1234, 1, true),
(1234, 2, true),
(1236, 1, true),
(1237, 1, true),
(1243, 1, true),
(1245, 1, true),
(1245, 2, true),
(1248, 1, true),
(1252, 1, true),
(1259, 1, true),
(1260, 1, true),
(1260, 2, true),
(1263, 1, true),
(1263, 2, true),
(1271, 1, true),
(1272, 1, true),
(1273, 1, true),
(1274, 1, true),
(1274, 2, true),
(1275, 1, true),
(1281, 1, true),
(1282, 1, true),
(1282, 2, true),
(1286, 1, true),
(1288, 1, true),
(1288, 2, true),
(1291, 1, true),
(1291, 2, true),
(1294, 1, true),
(1294, 2, true),
(1299, 1, true),
(1299, 2, true),
(1302, 1, true),
(1303, 1, true),
(1313, 1, true),
(1317, 1, true),
(1318, 1, true),
(1331, 1, true),
(1336, 1, true),
(1339, 1, true),
(1345, 1, true),
(1345, 2, true),
(1346, 1, true),
(1346, 2, true),
(1350, 1, true),
(1368, 1, true),
(1370, 1, true),
(1370, 2, true),
(1370, 3, true),
(1370, 4, true),
(1372, 1, true),
(1372, 2, true),
(1372, 3, true),
(1372, 4, true),
(1377, 1, true),
(1377, 2, true),
(1383, 1, true),
(1383, 2, true),
(1383, 3, true),
(1383, 4, true),
(1393, 1, true),
(1394, 1, true),
(1394, 2, true),
(1397, 1, true),
(1401, 1, true),
(1407, 1, true),
(1407, 2, true),
(1407, 3, true),
(1410, 1, true),
(1411, 1, true),
(1420, 1, true),
(1420, 2, true),
(1422, 1, true),
(1422, 2, true),
(1422, 3, true),
(1423, 1, true),
(1427, 1, true),
(1427, 2, true),
(1437, 1, true),
(1437, 2, true),
(1437, 3, true),
(1438, 1, true),
(1441, 1, true),
(1441, 2, true),
(1441, 3, true),
(1443, 1, true),
(1450, 1, true),
(1452, 1, true),
(1452, 2, true),
(1454, 1, true),
(1459, 1, true),
(1460, 1, true),
(1460, 2, true),
(1463, 1, true),
(1464, 1, true),
(1465, 1, true),
(1465, 2, true),
(1465, 3, true),
(1478, 1, true),
(1482, 1, true),
(1483, 1, true),
(1483, 2, true),
(1484, 1, true),
(1488, 1, true),
(1488, 2, true),
(1492, 1, true),
(1492, 2, true),
(1492, 3, true),
(1496, 1, true),
(1496, 2, true),
(1498, 1, true),
(1500, 1, true),
(1502, 1, true),
(1502, 2, true),
(1507, 1, true),
(1507, 2, true),
(1507, 3, true),
(1509, 1, true),
(1510, 1, true),
(1510, 2, true),
(1521, 1, true),
(1521, 2, true),
(1522, 1, true),
(1524, 1, true),
(1524, 2, true),
(1524, 3, true),
(1525, 1, true),
(1526, 1, true),
(1526, 2, true),
(1526, 3, true),
(1528, 1, true),
(1534, 1, true),
(1535, 1, true),
(1536, 1, true),
(1536, 2, true),
(1539, 1, true),
(1539, 2, true),
(1539, 3, true),
(1540, 1, true),
(1540, 2, true),
(1546, 1, true),
(1555, 1, true),
(1557, 1, true),
(1557, 2, true),
(1558, 1, true),
(1559, 1, true),
(1559, 2, true),
(1560, 1, true),
(1564, 1, true),
(1564, 2, true),
(1567, 1, true),
(1570, 1, true),
(1570, 2, true),
(1571, 1, true),
(1574, 1, true),
(1574, 2, true),
(1586, 1, true),
(1586, 2, true),
(1586, 3, true),
(1588, 1, true),
(1590, 1, true),
(1590, 2, true),
(1590, 3, true),
(1590, 4, true),
(1592, 1, true),
(1592, 2, true),
(1597, 1, true),
(1600, 1, true),
(1600, 2, true),
(1604, 1, true),
(1610, 1, true),
(1617, 1, true),
(1617, 2, true),
(1617, 3, true),
(1624, 1, true),
(1625, 1, true),
(1625, 2, true),
(1626, 1, true),
(1626, 2, true),
(1631, 1, true),
(1633, 1, true),
(1638, 1, true),
(1638, 2, true),
(1645, 1, true),
(1649, 1, true),
(1655, 1, true),
(1655, 2, true),
(1656, 1, true),
(1656, 2, true),
(1656, 3, true),
(1659, 1, true),
(1660, 1, true),
(1660, 2, true),
(1660, 3, true),
(1660, 4, true),
(1660, 5, true),
(1660, 6, true),
(1660, 7, true),
(1660, 8, true),
(1661, 1, true),
(1661, 2, true),
(1670, 1, true),
(1670, 2, true),
(1679, 1, true),
(1680, 1, true),
(1681, 1, true),
(1683, 1, true),
(1683, 2, true),
(1683, 3, true),
(1686, 1, true),
(1688, 1, true),
(1688, 2, true),
(1697, 1, true),
(1697, 2, true),
(1699, 1, true),
(1699, 2, true),
(1699, 3, true),
(1699, 4, true),
(1699, 5, true),
(1699, 6, true),
(1699, 7, true),
(1699, 8, true),
(1699, 9, true),
(1699, 10, true),
(1699, 11, true),
(1700, 1, true),
(1703, 1, true),
(1704, 1, true),
(1706, 1, true),
(1709, 1, true),
(1710, 1, true),
(1711, 1, true),
(1711, 2, true),
(1711, 3, true),
(1711, 4, true),
(1711, 5, true),
(1711, 6, true),
(1711, 7, true),
(1711, 8, true),
(1713, 1, true),
(1718, 1, true),
(1718, 2, true),
(1719, 1, true),
(1721, 1, true),
(1721, 2, true),
(1726, 1, true),
(1736, 1, true),
(1740, 1, true),
(1740, 2, true),
(1743, 1, true),
(1743, 2, true),
(1743, 3, true),
(1745, 1, true),
(1747, 1, true),
(1749, 1, true),
(1749, 2, true),
(1750, 1, true),
(1754, 1, true),
(1754, 2, true),
(1762, 1, true),
(1764, 1, true),
(1764, 2, true),
(1764, 3, true),
(1767, 1, true),
(1768, 1, true),
(1771, 1, true),
(1771, 2, true),
(1777, 1, true),
(1777, 2, true),
(1778, 1, true),
(1781, 1, true),
(1781, 2, true),
(1783, 1, true),
(1783, 2, true),
(1800, 1, true),
(1800, 2, true),
(1801, 1, true),
(1803, 1, true),
(1804, 1, true),
(1804, 2, true),
(1804, 3, true),
(1811, 1, true),
(1811, 2, true),
(1811, 3, true),
(1815, 1, true),
(1818, 1, true),
(1819, 1, true),
(1819, 2, true),
(1823, 1, true),
(1830, 1, true),
(1837, 1, true),
(1837, 2, true),
(1837, 3, true),
(1839, 1, true),
(1842, 1, true),
(1843, 1, true),
(1846, 1, true),
(1847, 1, true),
(1847, 2, true),
(1850, 1, true),
(1851, 1, true),
(1854, 1, true),
(1856, 1, true),
(1857, 1, true),
(1859, 1, true),
(1865, 1, true),
(1865, 2, true),
(1865, 3, true),
(1865, 4, true),
(1866, 1, true),
(1875, 1, true),
(1879, 1, true),
(1881, 1, true),
(1888, 1, true),
(1903, 1, true),
(1904, 1, true),
(1904, 2, true),
(1910, 1, true),
(1911, 1, true),
(1914, 1, true),
(1915, 1, true),
(1924, 1, true),
(1928, 1, true),
(1932, 1, true),
(1935, 1, true),
(1939, 1, true),
(1947, 1, true),
(1951, 1, true),
(1956, 1, true),
(1966, 1, true),
(1967, 1, true),
(1968, 1, true),
(1972, 1, true),
(1972, 2, true),
(1991, 1, true),
(2001, 1, true),
(2001, 2, true),
(2003, 1, true),
(2004, 1, true),
(2006, 1, true),
(2009, 1, true),
(2013, 1, true),
(2013, 2, true),
(2036, 1, true),
(2045, 1, true),
(2047, 1, true),
(2049, 1, true),
(2049, 2, true),
(2055, 1, true),
(2057, 1, true),
(2060, 1, true),
(2063, 1, true),
(2063, 2, true),
(2068, 1, true),
(2072, 1, true),
(2080, 1, true),
(2080, 2, true),
(2082, 1, true),
(2083, 1, true),
(2083, 2, true),
(2083, 3, true),
(2084, 1, true),
(2086, 1, true),
(2086, 2, true),
(2086, 3, true),
(2088, 1, true),
(2088, 2, true),
(2093, 1, true),
(2099, 1, true),
(2103, 1, true),
(2104, 1, true),
(2104, 2, true),
(2104, 3, true),
(2107, 1, true),
(2112, 1, true),
(2115, 1, true),
(2118, 1, true),
(2123, 1, true),
(2123, 2, true),
(2125, 1, true),
(2125, 2, true),
(2125, 3, true),
(2127, 1, true),
(2127, 2, true),
(2131, 1, true),
(2136, 1, true),
(2138, 1, true),
(2143, 1, true),
(2144, 1, true),
(2145, 1, true),
(2146, 1, true),
(2148, 1, true),
(2153, 1, true),
(2153, 2, true),
(2155, 1, true),
(2155, 2, true),
(2157, 1, true),
(2157, 2, true),
(2157, 3, true),
(2158, 1, true),
(2161, 1, true),
(2165, 1, true),
(2165, 2, true),
(2166, 1, true),
(2166, 2, true),
(2166, 3, true),
(2166, 4, true),
(2166, 5, true),
(2166, 6, true),
(2166, 7, true),
(2169, 1, true),
(2170, 1, true),
(2172, 1, true),
(2173, 1, true),
(2175, 1, true),
(2175, 2, true),
(2177, 1, true),
(2178, 1, true),
(2179, 1, true),
(2180, 1, true),
(2185, 1, true),
(2186, 1, true),
(2186, 2, true),
(2187, 1, true),
(2187, 2, true),
(2188, 1, true),
(2191, 1, true),
(2191, 2, true),
(2192, 1, true),
(2193, 1, true),
(2197, 1, true),
(2197, 2, true);

-- Re-enable triggers
SET session_replication_role = 'origin';
